DATE ADDED TO CATALOG	PUBMEDID	FIRST AUTHOR	DATE	JOURNAL	LINK	STUDY	DISEASE/TRAIT	INITIAL SAMPLE SIZE	REPLICATION SAMPLE SIZE	REGION	CHR_ID	CHR_POS	REPORTED GENE(S)	MAPPED_GENE	UPSTREAM_GENE_ID	DOWNSTREAM_GENE_ID	SNP_GENE_IDS	UPSTREAM_GENE_DISTANCE	DOWNSTREAM_GENE_DISTANCE	STRONGEST SNP-RISK ALLELE	SNPS	MERGED	SNP_ID_CURRENT	CONTEXT	INTERGENIC	RISK ALLELE FREQUENCY	P-VALUE	PVALUE_MLOG	P-VALUE (TEXT)	OR or BETA	95% CI (TEXT)	PLATFORM [SNPS PASSING QC]	CNV	MAPPED_TRAIT	MAPPED_TRAIT_URI	STUDY ACCESSION	GENOTYPING TECHNOLOGY
2016-02-12	26014426	Ruth KS	2015-05-27	Eur J Hum Genet	www.ncbi.nlm.nih.gov/pubmed/26014426	Genome-wide association study with 1000 genomes imputation identifies signals for nine sex hormone-related phenotypes.	Sex hormone levels	up to 2913 European ancestry individuals	NA	7q22.1	7	99533211	ZKSCAN5, CYP3A4, CYP3A7	ZKSCAN5			ENSG00000196652			rs34670419-T	rs34670419	0	34670419	3_prime_UTR_variant	0	0.037	6E-14	13.221848749616356	(Progesterone)	0.346	[NR] unit decrease	Illumina [7879351] (imputed)	N	hormone measurement, progesterone measurement	http://www.ebi.ac.uk/efo/EFO_0004730, http://www.ebi.ac.uk/efo/EFO_0007004	GCST002925	Genome-wide genotyping array
2016-02-12	26014426	Ruth KS	2015-05-27	Eur J Hum Genet	www.ncbi.nlm.nih.gov/pubmed/26014426	Genome-wide association study with 1000 genomes imputation identifies signals for nine sex hormone-related phenotypes.	Sex hormone levels	up to 2913 European ancestry individuals	NA	11q12.3	11	63147874	SLC22A9	SLC22A24 - SLC22A25	ENSG00000197658	ENSG00000196600		3653	10563	rs112295236-G	rs112295236	0	112295236	intergenic_variant	1	0.062	8E-12	11.096910013008056	(Progesterone)	0.255	[NR] unit increase	Illumina [7879351] (imputed)	N	hormone measurement, progesterone measurement	http://www.ebi.ac.uk/efo/EFO_0004730, http://www.ebi.ac.uk/efo/EFO_0007004	GCST002925	Genome-wide genotyping array
2016-02-12	26014426	Ruth KS	2015-05-27	Eur J Hum Genet	www.ncbi.nlm.nih.gov/pubmed/26014426	Genome-wide association study with 1000 genomes imputation identifies signals for nine sex hormone-related phenotypes.	Sex hormone levels	up to 2913 European ancestry individuals	NA	7q22.1	7	99477415	ZNF789	ZNF394, ZNF789			ENSG00000160908, ENSG00000198556			rs148982377-C	rs148982377	0	148982377	intron_variant	0	0.038	3E-13	12.522878745280337	(Progesterone)	0.331	[NR] unit decrease	Illumina [7879351] (imputed)	N	hormone measurement, progesterone measurement	http://www.ebi.ac.uk/efo/EFO_0004730, http://www.ebi.ac.uk/efo/EFO_0007004	GCST002925	Genome-wide genotyping array
2019-10-21	31169883	Pott J	2019-06-06	J Clin Endocrinol Metab	www.ncbi.nlm.nih.gov/pubmed/31169883	Genetic association study of eight steroid hormones and implications for sexual dimorphism of coronary artery disease.	Progesterone levels	1,358 European ancestry men, 1,261 European ancestry women	NA	11q21	11	95366701	NR	LNCRNA-IUR - FAM76B	ENSG00000245552	ENSG00000077458		56847	402252	rs139203625-T	rs139203625	0	139203625	intergenic_variant	1	0.012	4E-11	10.397940008672037		0.524075	[0.37-0.68] unit increase	Affymetrix [up to 8900000] (imputed)	N	progesterone measurement	http://www.ebi.ac.uk/efo/EFO_0007004	GCST008885	Genome-wide genotyping array
2019-10-21	31169883	Pott J	2019-06-06	J Clin Endocrinol Metab	www.ncbi.nlm.nih.gov/pubmed/31169883	Genetic association study of eight steroid hormones and implications for sexual dimorphism of coronary artery disease.	Progesterone levels	1,358 European ancestry men, 1,261 European ancestry women	NA	5q14.3	5	91383446	NR	ARRDC3-AS1			ENSG00000281357			rs139441768-C	rs139441768	0	139441768	regulatory_region_variant	0	0.011	1E-8	8.0		0.45207	[0.3-0.61] unit increase	Affymetrix [up to 8900000] (imputed)	N	progesterone measurement	http://www.ebi.ac.uk/efo/EFO_0007004	GCST008885	Genome-wide genotyping array
2019-10-21	31169883	Pott J	2019-06-06	J Clin Endocrinol Metab	www.ncbi.nlm.nih.gov/pubmed/31169883	Genetic association study of eight steroid hormones and implications for sexual dimorphism of coronary artery disease.	Progesterone levels	1,358 European ancestry men, 1,261 European ancestry women	NA	5q14.3	5	91316148	NR	Metazoa_SRP - ARRDC3	ENSG00000277950	ENSG00000113369		1151	52483	rs140935700-A	rs140935700	0	140935700	intergenic_variant	1	0.013	3E-8	7.522878745280337		0.424947	[0.28-0.57] unit increase	Affymetrix [up to 8900000] (imputed)	N	progesterone measurement	http://www.ebi.ac.uk/efo/EFO_0007004	GCST008885	Genome-wide genotyping array
2019-10-21	31169883	Pott J	2019-06-06	J Clin Endocrinol Metab	www.ncbi.nlm.nih.gov/pubmed/31169883	Genetic association study of eight steroid hormones and implications for sexual dimorphism of coronary artery disease.	Progesterone levels	1,358 European ancestry men, 1,261 European ancestry women	NA	1q32.2	1	210880719	NR	KCNH1			ENSG00000143473			rs79589801-T	rs79589801	0	79589801	intron_variant	0	0.014	5E-7	6.301029995663981		0.371084	[0.23-0.52] unit increase	Affymetrix [up to 8900000] (imputed)	N	progesterone measurement	http://www.ebi.ac.uk/efo/EFO_0007004	GCST008885	Genome-wide genotyping array
2019-10-21	31169883	Pott J	2019-06-06	J Clin Endocrinol Metab	www.ncbi.nlm.nih.gov/pubmed/31169883	Genetic association study of eight steroid hormones and implications for sexual dimorphism of coronary artery disease.	Progesterone levels	1,358 European ancestry men, 1,261 European ancestry women	NA	18q21.1	18	47696400	NR	TPMTP1 - SMAD2	ENSG00000267156	ENSG00000175387		65552	112557	rs72906582-A	rs72906582	0	72906582	intergenic_variant	1	0.101	6E-7	6.221848749616356		0.140791	[0.086-0.196] unit increase	Affymetrix [up to 8900000] (imputed)	N	progesterone measurement	http://www.ebi.ac.uk/efo/EFO_0007004	GCST008885	Genome-wide genotyping array
2019-10-21	31169883	Pott J	2019-06-06	J Clin Endocrinol Metab	www.ncbi.nlm.nih.gov/pubmed/31169883	Genetic association study of eight steroid hormones and implications for sexual dimorphism of coronary artery disease.	Progesterone levels	1,358 European ancestry men, 1,261 European ancestry women	NA	11p11.2	11	43844164	NR	HSD17B12			ENSG00000149084			rs142754737-T	rs142754737	0	142754737	intron_variant	0	0.014	7E-7	6.154901959985743		0.345894	[0.21-0.48] unit increase	Affymetrix [up to 8900000] (imputed)	N	progesterone measurement	http://www.ebi.ac.uk/efo/EFO_0007004	GCST008885	Genome-wide genotyping array
2019-10-21	31169883	Pott J	2019-06-06	J Clin Endocrinol Metab	www.ncbi.nlm.nih.gov/pubmed/31169883	Genetic association study of eight steroid hormones and implications for sexual dimorphism of coronary artery disease.	Progesterone levels	1,358 European ancestry men, 1,261 European ancestry women	NA	18q21.1	18	47696400	NR	TPMTP1 - SMAD2	ENSG00000267156	ENSG00000175387		65552	112557	rs72906582-A	rs72906582	0	72906582	intergenic_variant	1	0.101	8E-9	8.096910013008056	(women)	0.318619	[0.21-0.43] unit increase	Affymetrix [up to 8900000] (imputed)	N	progesterone measurement	http://www.ebi.ac.uk/efo/EFO_0007004	GCST008885	Genome-wide genotyping array
2019-10-21	31169883	Pott J	2019-06-06	J Clin Endocrinol Metab	www.ncbi.nlm.nih.gov/pubmed/31169883	Genetic association study of eight steroid hormones and implications for sexual dimorphism of coronary artery disease.	Progesterone levels	1,358 European ancestry men, 1,261 European ancestry women	NA	11p11.2	11	43844164	NR	HSD17B12			ENSG00000149084			rs142754737-T	rs142754737	0	142754737	intron_variant	0	0.014	9E-9	8.045757490560675	(women)	0.798375	[0.53-1.07] unit increase	Affymetrix [up to 8900000] (imputed)	N	progesterone measurement	http://www.ebi.ac.uk/efo/EFO_0007004	GCST008885	Genome-wide genotyping array
2019-10-21	31169883	Pott J	2019-06-06	J Clin Endocrinol Metab	www.ncbi.nlm.nih.gov/pubmed/31169883	Genetic association study of eight steroid hormones and implications for sexual dimorphism of coronary artery disease.	Progesterone levels	1,358 European ancestry men, 1,261 European ancestry women	NA	11p15.3	11	13341732	NR	BMAL1			ENSG00000133794			rs77032081-T	rs77032081	0	77032081	intron_variant	0	0.017	2E-8	7.698970004336019	(women)	0.704529	[0.46-0.95] unit increase	Affymetrix [up to 8900000] (imputed)	N	progesterone measurement	http://www.ebi.ac.uk/efo/EFO_0007004	GCST008885	Genome-wide genotyping array
2019-10-21	31169883	Pott J	2019-06-06	J Clin Endocrinol Metab	www.ncbi.nlm.nih.gov/pubmed/31169883	Genetic association study of eight steroid hormones and implications for sexual dimorphism of coronary artery disease.	Progesterone levels	1,358 European ancestry men, 1,261 European ancestry women	NA	1q32.2	1	210880719	NR	KCNH1			ENSG00000143473			rs79589801-T	rs79589801	0	79589801	intron_variant	0	0.014	2E-8	7.698970004336019	(women)	0.808409	[0.53-1.09] unit increase	Affymetrix [up to 8900000] (imputed)	N	progesterone measurement	http://www.ebi.ac.uk/efo/EFO_0007004	GCST008885	Genome-wide genotyping array
2019-10-21	31169883	Pott J	2019-06-06	J Clin Endocrinol Metab	www.ncbi.nlm.nih.gov/pubmed/31169883	Genetic association study of eight steroid hormones and implications for sexual dimorphism of coronary artery disease.	Progesterone levels	1,358 European ancestry men, 1,261 European ancestry women	NA	11q21	11	95366701	NR	LNCRNA-IUR - FAM76B	ENSG00000245552	ENSG00000077458		56847	402252	rs139203625-T	rs139203625	0	139203625	intergenic_variant	1	0.012	3E-7	6.522878745280337	(women)	0.742308	[0.46-1.03] unit increase	Affymetrix [up to 8900000] (imputed)	N	progesterone measurement	http://www.ebi.ac.uk/efo/EFO_0007004	GCST008885	Genome-wide genotyping array
2019-10-21	31169883	Pott J	2019-06-06	J Clin Endocrinol Metab	www.ncbi.nlm.nih.gov/pubmed/31169883	Genetic association study of eight steroid hormones and implications for sexual dimorphism of coronary artery disease.	Progesterone levels	1,358 European ancestry men, 1,261 European ancestry women	NA	10q24.32	10	102838849	NR	PFN1P11			ENSG00000213061			rs10786714-C	rs10786714	0	10786714	intergenic_variant	0	0.325	2E-9	8.698970004336019	(men)	0.0951468	[0.064-0.126] unit increase	Affymetrix [up to 8900000] (imputed)	N	progesterone measurement	http://www.ebi.ac.uk/efo/EFO_0007004	GCST008885	Genome-wide genotyping array
2022-02-18	34822396	Pott J	2021-10-28	Metabolites	www.ncbi.nlm.nih.gov/pubmed/34822396	Sex-Specific Causal Relations between Steroid Hormones and Obesity-A Mendelian Randomization Study.	Progesterone levels	4,097 individuals	NA	1q32.2	1	210880719		KCNH1			ENSG00000143473			rs79589801-T	rs79589801	0	79589801	intron_variant	0	NR	3E-7	6.522878745280337		0.307393	[0.19-0.43] unit increase	Affymetrix [10900000] (imputed)	N	progesterone measurement	http://www.ebi.ac.uk/efo/EFO_0007004	GCST90094671	Genome-wide genotyping array
2022-02-18	34822396	Pott J	2021-10-28	Metabolites	www.ncbi.nlm.nih.gov/pubmed/34822396	Sex-Specific Causal Relations between Steroid Hormones and Obesity-A Mendelian Randomization Study.	Progesterone levels	4,097 individuals	NA	1q32.2	1	207806036		MIR29B2CHG			ENSG00000203709			rs138621610-A	rs138621610	0	138621610	regulatory_region_variant	0	NR	4E-8	7.3979400086720375		0.367752	[0.24-0.5] unit increase	Affymetrix [10900000] (imputed)	N	progesterone measurement	http://www.ebi.ac.uk/efo/EFO_0007004	GCST90094671	Genome-wide genotyping array
2022-02-18	34822396	Pott J	2021-10-28	Metabolites	www.ncbi.nlm.nih.gov/pubmed/34822396	Sex-Specific Causal Relations between Steroid Hormones and Obesity-A Mendelian Randomization Study.	Progesterone levels	4,097 individuals	NA	11p15.3	11	13006017		RASSF10-DT			ENSG00000254670			rs181121546-T	rs181121546	0	181121546	intergenic_variant	0	NR	1E-6	6.0		0.360872	[0.22-0.51] unit increase	Affymetrix [10900000] (imputed)	N	progesterone measurement	http://www.ebi.ac.uk/efo/EFO_0007004	GCST90094671	Genome-wide genotyping array
2022-02-18	34822396	Pott J	2021-10-28	Metabolites	www.ncbi.nlm.nih.gov/pubmed/34822396	Sex-Specific Causal Relations between Steroid Hormones and Obesity-A Mendelian Randomization Study.	Progesterone levels	4,097 individuals	NA	11p11.2	11	43844164		HSD17B12			ENSG00000149084			rs142754737-T	rs142754737	0	142754737	intron_variant	0	NR	2E-8	7.698970004336019		0.330861	[0.22-0.45] unit increase	Affymetrix [10900000] (imputed)	N	progesterone measurement	http://www.ebi.ac.uk/efo/EFO_0007004	GCST90094671	Genome-wide genotyping array
2022-02-18	34822396	Pott J	2021-10-28	Metabolites	www.ncbi.nlm.nih.gov/pubmed/34822396	Sex-Specific Causal Relations between Steroid Hormones and Obesity-A Mendelian Randomization Study.	Progesterone levels	4,097 individuals	NA	7q36.3	7	159061523		VIPR2			ENSG00000106018			rs2467806-C	rs2467806	0	2467806	intron_variant	0	NR	4E-8	7.3979400086720375		0.37308	[0.24-0.51] unit decrease	Affymetrix [10900000] (imputed)	N	progesterone measurement	http://www.ebi.ac.uk/efo/EFO_0007004	GCST90094671	Genome-wide genotyping array
2022-02-18	34822396	Pott J	2021-10-28	Metabolites	www.ncbi.nlm.nih.gov/pubmed/34822396	Sex-Specific Causal Relations between Steroid Hormones and Obesity-A Mendelian Randomization Study.	Progesterone levels	4,097 individuals	NA	16p13.3	16	6827796		RBFOX1			ENSG00000078328			rs144711998-T	rs144711998	0	144711998	intron_variant	0	NR	4E-6	5.3979400086720375		0.208674	[0.12-0.3] unit increase	Affymetrix [10900000] (imputed)	N	progesterone measurement	http://www.ebi.ac.uk/efo/EFO_0007004	GCST90094671	Genome-wide genotyping array
2022-02-18	34822396	Pott J	2021-10-28	Metabolites	www.ncbi.nlm.nih.gov/pubmed/34822396	Sex-Specific Causal Relations between Steroid Hormones and Obesity-A Mendelian Randomization Study.	Progesterone levels	2,220 men	NA	10q24.32	10	102838849		PFN1P11			ENSG00000213061			rs10786714-C	rs10786714	0	10786714	intergenic_variant	0	NR	2E-11	10.698970004336019		0.0820912	[0.058-0.106] unit increase	Affymetrix [10900000] (imputed)	N	progesterone measurement	http://www.ebi.ac.uk/efo/EFO_0007004	GCST90094672	Genome-wide genotyping array
2022-02-18	34822396	Pott J	2021-10-28	Metabolites	www.ncbi.nlm.nih.gov/pubmed/34822396	Sex-Specific Causal Relations between Steroid Hormones and Obesity-A Mendelian Randomization Study.	Progesterone levels	1,877 women	NA	1q32.2	1	210880719		KCNH1			ENSG00000143473			rs79589801-T	rs79589801	0	79589801	intron_variant	0	NR	5E-8	7.301029995663981		0.64136	[0.41-0.87] unit increase	Affymetrix [10900000] (imputed)	N	progesterone measurement	http://www.ebi.ac.uk/efo/EFO_0007004	GCST90094673	Genome-wide genotyping array
2022-02-18	34822396	Pott J	2021-10-28	Metabolites	www.ncbi.nlm.nih.gov/pubmed/34822396	Sex-Specific Causal Relations between Steroid Hormones and Obesity-A Mendelian Randomization Study.	Progesterone levels	1,877 women	NA	1q32.2	1	207806036		MIR29B2CHG			ENSG00000203709			rs138621610-A	rs138621610	0	138621610	regulatory_region_variant	0	NR	3E-8	7.522878745280337		0.70761	[0.46-0.96] unit increase	Affymetrix [10900000] (imputed)	N	progesterone measurement	http://www.ebi.ac.uk/efo/EFO_0007004	GCST90094673	Genome-wide genotyping array
2022-02-18	34822396	Pott J	2021-10-28	Metabolites	www.ncbi.nlm.nih.gov/pubmed/34822396	Sex-Specific Causal Relations between Steroid Hormones and Obesity-A Mendelian Randomization Study.	Progesterone levels	1,877 women	NA	11p15.3	11	13006017		RASSF10-DT			ENSG00000254670			rs181121546-T	rs181121546	0	181121546	intergenic_variant	0	NR	4E-8	7.3979400086720375		0.809562	[0.52-1.1] unit increase	Affymetrix [10900000] (imputed)	N	progesterone measurement	http://www.ebi.ac.uk/efo/EFO_0007004	GCST90094673	Genome-wide genotyping array
2022-02-18	34822396	Pott J	2021-10-28	Metabolites	www.ncbi.nlm.nih.gov/pubmed/34822396	Sex-Specific Causal Relations between Steroid Hormones and Obesity-A Mendelian Randomization Study.	Progesterone levels	1,877 women	NA	11p11.2	11	43844164		HSD17B12			ENSG00000149084			rs142754737-T	rs142754737	0	142754737	intron_variant	0	NR	2E-7	6.698970004336019		0.571688	[0.36-0.79] unit increase	Affymetrix [10900000] (imputed)	N	progesterone measurement	http://www.ebi.ac.uk/efo/EFO_0007004	GCST90094673	Genome-wide genotyping array
2022-02-18	34822396	Pott J	2021-10-28	Metabolites	www.ncbi.nlm.nih.gov/pubmed/34822396	Sex-Specific Causal Relations between Steroid Hormones and Obesity-A Mendelian Randomization Study.	Progesterone levels	1,877 women	NA	16p13.3	16	6827796		RBFOX1			ENSG00000078328			rs144711998-T	rs144711998	0	144711998	intron_variant	0	NR	3E-8	7.522878745280337		0.524887	[0.34-0.71] unit increase	Affymetrix [10900000] (imputed)	N	progesterone measurement	http://www.ebi.ac.uk/efo/EFO_0007004	GCST90094673	Genome-wide genotyping array
